Date ,Total Members ,Active Members,,
2010-07-27 ,4,4,,
2010-07-28 ,4,4,,
2010-07-29 ,5,5,,
2010-07-30 ,5,5,,
2010-07-31 ,7,7,,
2010-08-01 ,8,8,,
2010-08-02 ,8,8,,
2010-08-03 ,8,8,,
2010-08-04 ,8,8,,
2010-08-05 ,9,9,,
2010-08-06 ,9,9,,
2010-08-07 ,10,10,,
2010-08-08 ,10,10,,
2010-08-09 ,11,11,,
2010-08-10 ,11,11,,
2010-08-11 ,11,11,,
2010-08-12 ,11,11,,
2010-08-13 ,11,11,,
2010-08-14 ,11,11,,
2010-08-15 ,11,11,,
2010-08-16 ,11,11,,
2010-08-17 ,12,12,,
2010-08-18 ,12,12,,
2010-08-19 ,13,13,,
2010-08-20 ,13,13,,
2010-08-21 ,13,13,,
2010-08-22 ,13,13,,
2010-08-23 ,13,13,,
2010-08-24 ,13,13,,
2010-08-25 ,13,13,,
2010-08-26 ,13,11,,
2010-08-27 ,13,11,,
2010-08-28 ,13,11,,
2010-08-29 ,13,11,,
2010-08-30 ,14,11,,
2010-08-31 ,14,11,,
2010-09-01 ,14,10,,
2010-09-02 ,14,10,,
2010-09-03 ,14,10,,
2010-09-04 ,14,9,,
2010-09-05 ,14,9,,
2010-09-06 ,15,10,,
2010-09-07 ,15,10,,
2010-09-08 ,15,10,,
2010-09-09 ,17,12,,
2010-09-10 ,18,13,,
2010-09-11 ,18,13,,
2010-09-12 ,18,13,,
2010-09-13 ,18,13,,
2010-09-14 ,18,13,,
2010-09-15 ,18,13,,
2010-09-16 ,18,13,,
2010-09-17 ,19,14,,
2010-09-18 ,20,13,,
2010-09-19 ,20,13,,
2010-09-20 ,20,13,,
2010-09-21 ,20,13,,
2010-09-22 ,20,13,,
2010-09-23 ,20,13,,
2010-09-24 ,20,12,,
2010-09-25 ,20,12,,
2010-09-26 ,20,11,,
2010-09-27 ,20,11,,
2010-09-28 ,20,11,,
2010-09-29 ,20,11,,
2010-09-30 ,20,11,,
2010-10-01 ,20,11,,
2010-10-02 ,20,10,,
2010-10-03 ,20,9,,
2010-10-04 ,20,9,,
2010-10-05 ,20,9,,
2010-10-06 ,20,8,,
2010-10-07 ,20,8,,
2010-10-08 ,20,8,,
2010-10-09 ,20,6,,
2010-10-10 ,20,6,,
2010-10-11 ,20,6,,
2010-10-12 ,20,7,,
2010-10-13 ,20,8,,
2010-10-14 ,20,8,,
2010-10-15 ,21,10,,
2010-10-16 ,21,9,,
2010-10-17 ,21,10,,
2010-10-18 ,21,9,,
2010-10-19 ,21,9,,
2010-10-20 ,22,10,,
2010-10-21 ,23,11,,
2010-10-22 ,23,11,,
2010-10-23 ,23,11,,
2010-10-24 ,23,11,,
2010-10-25 ,23,11,,
2010-10-26 ,23,11,,
2010-10-27 ,23,11,,
2010-10-28 ,23,11,,
2010-10-29 ,23,11,,
2010-10-30 ,23,11,,
2010-10-31 ,23,11,,
2010-11-01 ,23,11,,
2010-11-02 ,23,11,,
2010-11-03 ,23,11,,
2010-11-04 ,23,11,,
2010-11-05 ,23,11,,
2010-11-06 ,23,12,,
2010-11-07 ,23,12,,
2010-11-08 ,23,12,,
2010-11-09 ,23,12,,
2010-11-10 ,23,13,,
2010-11-11 ,23,13,,
2010-11-12 ,23,13,,
2010-11-13 ,23,14,,
2010-11-14 ,23,11,,
2010-11-15 ,23,10,,
2010-11-16 ,24,10,,
2010-11-17 ,24,10,,
2010-11-18 ,24,10,,
2010-11-19 ,24,11,,
2010-11-20 ,24,10,,
2010-11-21 ,24,10,,
2010-11-22 ,24,10,,
2010-11-23 ,24,10,,
2010-11-24 ,24,10,,
2010-11-25 ,24,10,,
2010-11-26 ,24,10,,
2010-11-27 ,24,9,,
2010-11-28 ,25,10,,
2010-11-29 ,25,10,,
2010-11-30 ,25,10,,
2010-12-01 ,25,10,,
2010-12-02 ,25,10,,
2010-12-03 ,25,10,,
2010-12-04 ,25,10,,
2010-12-05 ,25,10,,
2010-12-06 ,25,8,,
2010-12-07 ,25,8,,
2010-12-08 ,25,8,,
2010-12-09 ,25,8,,
2010-12-10 ,25,7,,
2010-12-11 ,25,5,,
2010-12-12 ,25,5,,
2010-12-13 ,25,4,,
2010-12-14 ,25,4,,
2010-12-15 ,25,4,,
2010-12-16 ,25,3,,
2010-12-17 ,25,3,,
2010-12-18 ,25,3,,
2010-12-19 ,25,2,,
2010-12-20 ,25,2,,
2010-12-21 ,25,2,,
2010-12-22 ,25,2,,
2010-12-23 ,25,2,,
2010-12-24 ,26,3,,
2010-12-25 ,26,3,,
2010-12-26 ,26,2,,
2010-12-27 ,26,2,,
2010-12-28 ,26,2,,
2010-12-29 ,26,2,,
2010-12-30 ,26,2,,
2010-12-31 ,26,2,,
2011-01-01 ,26,2,,
2011-01-02 ,26,2,,
2011-01-03 ,26,2,,
2011-01-04 ,26,2,,
2011-01-05 ,26,2,,
2011-01-06 ,26,2,,
2011-01-07 ,26,2,,
2011-01-08 ,26,1,,
2011-01-09 ,26,1,,
2011-01-10 ,26,1,,
2011-01-11 ,26,1,,
2011-01-12 ,26,1,,
2011-01-13 ,26,2,,
2011-01-14 ,26,2,,
2011-01-15 ,26,2,,
2011-01-16 ,26,2,,
2011-01-17 ,26,2,,
2011-01-18 ,26,2,,
2011-01-19 ,26,2,,
2011-01-20 ,26,2,,
2011-01-21 ,26,3,,
2011-01-22 ,26,3,,
2011-01-23 ,26,2,,
2011-01-24 ,26,3,,
2011-01-25 ,26,4,,
2011-01-26 ,26,4,,
2011-01-27 ,27,5,,
2011-01-28 ,27,5,,
2011-01-29 ,27,5,,
2011-01-30 ,27,5,,
2011-01-31 ,28,6,,
2011-02-01 ,28,6,,
2011-02-02 ,28,6,,
2011-02-03 ,28,6,,
2011-02-04 ,28,6,,
2011-02-05 ,28,6,,
2011-02-06 ,28,6,,
2011-02-07 ,29,7,,
2011-02-08 ,29,7,,
2011-02-09 ,29,7,,
2011-02-10 ,29,7,,
2011-02-11 ,30,8,,
2011-02-12 ,30,7,,
2011-02-13 ,30,7,,
2011-02-14 ,30,7,,
2011-02-15 ,30,7,,
2011-02-16 ,30,7,,
2011-02-17 ,31,8,,
2011-02-18 ,31,8,,
2011-02-19 ,31,8,,
2011-02-20 ,31,7,,
2011-02-21 ,31,8,,
2011-02-22 ,31,8,,
2011-02-23 ,31,8,,
2011-02-24 ,31,7,,
2011-02-25 ,31,6,,
2011-02-26 ,31,5,,
2011-02-27 ,31,7,,
2011-02-28 ,31,7,,
2011-03-01 ,31,7,,
2011-03-02 ,31,6,,
2011-03-03 ,30,6,,
2011-03-04 ,30,6,,
2011-03-05 ,30,6,,
2011-03-06 ,30,6,,
2011-03-07 ,30,6,,
2011-03-08 ,30,6,,
2011-03-09 ,29,4,,
2011-03-10 ,29,4,,
2011-03-11 ,29,4,,
2011-03-12 ,29,4,,
2011-03-13 ,29,3,,
2011-03-14 ,29,4,,
2011-03-15 ,31,8,,
2011-03-16 ,32,9,,
2011-03-17 ,33,10,,
2011-03-18 ,33,12,,
2011-03-19 ,33,12,,
2011-03-20 ,34,13,,
2011-03-21 ,34,12,,
2011-03-22 ,35,14,,
2011-03-23 ,35,13,,
2011-03-24 ,35,13,,
2011-03-25 ,35,13,,
2011-03-26 ,38,17,,
2011-03-27 ,38,17,,
2011-03-28 ,38,18,,
2011-03-29 ,38,18,,
2011-03-30 ,38,19,,
2011-03-31 ,39,21,,
2011-04-01 ,39,21,,
2011-04-02 ,40,22,,
2011-04-03 ,40,22,,
2011-04-04 ,40,22,,
2011-04-05 ,40,22,,
2011-04-06 ,40,22,,
2011-04-07 ,41,23,,
2011-04-08 ,41,23,,
2011-04-09 ,41,23,,
2011-04-10 ,41,23,,
2011-04-11 ,41,23,,
2011-04-12 ,41,23,,
2011-04-13 ,42,24,,
2011-04-14 ,42,22,,
2011-04-15 ,42,23,,
2011-04-16 ,42,23,,
2011-04-17 ,42,23,,
2011-04-18 ,42,23,,
2011-04-19 ,43,25,,
2011-04-20 ,45,26,,
2011-04-21 ,45,25,,
2011-04-22 ,46,26,,
2011-04-23 ,46,26,,
2011-04-24 ,46,26,,
2011-04-25 ,46,25,,
2011-04-26 ,46,24,,
2011-04-27 ,46,24,,
2011-04-28 ,46,22,,
2011-04-29 ,46,21,,
2011-04-30 ,46,19,,
2011-05-01 ,46,19,,
2011-05-02 ,46,19,,
2011-05-03 ,46,17,,
2011-05-04 ,46,17,,
2011-05-05 ,46,17,,
2011-05-06 ,46,16,,
2011-05-07 ,46,16,,
2011-05-08 ,46,15,,
2011-05-09 ,46,14,,
2011-05-10 ,46,14,,
2011-05-11 ,46,14,,
2011-05-12 ,46,14,,
2011-05-13 ,46,14,,
2011-05-14 ,46,15,,
2011-05-15 ,46,15,,
2011-05-16 ,46,15,,
2011-05-17 ,46,17,,
2011-05-18 ,46,18,,
2011-05-19 ,46,15,,
2011-05-20 ,46,15,,
2011-05-21 ,46,14,,
2011-05-23 ,46,12,,
2011-05-24 ,46,12,,
2011-05-25 ,46,12,,
2011-05-26 ,46,12,,
2011-05-27 ,46,12,,
2011-05-28 ,46,12,,
2011-05-29 ,47,13,,
2011-05-30 ,47,13,,
2011-05-31 ,47,16,,
2011-06-01 ,47,15,,
2011-06-02 ,47,15,,
2011-06-03 ,47,15,,
2011-06-04 ,47,15,,
2011-06-05 ,47,15,,
2011-06-06 ,47,15,,
2011-06-07 ,47,15,,
2011-06-08 ,47,15,,
2011-06-09 ,47,15,,
2011-06-10 ,47,15,,
2011-06-11 ,47,15,,
2011-06-12 ,47,15,,
2011-06-13 ,47,15,,
2011-06-14 ,47,15,,
2011-06-15 ,47,15,,
2011-06-16 ,47,13,,
2011-06-17 ,47,13,,
2011-06-18 ,47,13,,
2011-06-19 ,47,13,,
2011-06-20 ,48,14,,
2011-06-21 ,48,14,,
2011-06-22 ,49,15,,
2011-06-23 ,49,16,,
2011-06-24 ,49,16,,
2011-06-25 ,49,16,,
2011-06-26 ,49,16,,
2011-06-27 ,49,16,,
2011-06-28 ,49,16,,
2011-06-29 ,49,15,,
2011-06-30 ,49,13,,
2011-07-01 ,49,13,,
2011-07-02 ,49,13,,
2011-07-03 ,49,13,,
2011-07-04 ,49,13,,
2011-07-05 ,49,13,,
2011-07-06 ,49,15,,
2011-07-07 ,49,15,,
2011-07-08 ,49,15,,
2011-07-09 ,49,15,,
2011-07-10 ,49,15,,
2011-07-11 ,49,15,,
2011-07-12 ,49,13,,
2011-07-13 ,49,13,,
2011-07-14 ,49,14,,
2011-07-15 ,49,15,,
2011-07-16 ,49,15,,
2011-07-17 ,49,15,,
2011-07-18 ,49,15,,
2011-07-19 ,49,15,,
2011-07-20 ,49,14,,
2011-07-21 ,49,13,,
2011-07-22 ,49,11,,
2011-07-23 ,49,10,,
2011-07-24 ,50,10,,
2011-07-25 ,50,11,,
2011-07-26 ,50,11,,
2011-07-27 ,51,12,,
2011-07-28 ,51,12,,
2011-07-29 ,51,12,,
2011-07-30 ,51,12,,
2011-07-31 ,51,12,,
2011-08-01 ,51,12,,
2011-08-02 ,51,12,,
2011-08-03 ,51,12,,
2011-08-04 ,51,12,,
2011-08-05 ,51,9,,
2011-08-06 ,51,9,,
2011-08-07 ,51,9,,
2011-08-08 ,51,9,,
2011-08-09 ,51,9,,
2011-08-10 ,51,9,,
2011-08-11 ,52,10,,
2011-08-12 ,52,10,,
2011-08-13 ,52,10,,
2011-08-14 ,52,8,,
2011-08-15 ,52,8,,
2011-08-16 ,52,8,,
2011-08-17 ,52,8,,
2011-08-18 ,52,8,,
2011-08-19 ,52,7,,
2011-08-20 ,52,7,,
2011-08-21 ,52,7,,
2011-08-22 ,52,7,,
2011-08-23 ,52,6,,
2011-08-24 ,52,5,,
2011-08-25 ,53,6,,
2011-08-26 ,53,6,,
2011-08-27 ,53,6,,
2011-08-28 ,53,6,,
2011-08-29 ,53,7,,
2011-08-30 ,53,7,,
2011-08-31 ,53,7,,
2011-09-01 ,53,6,,
2011-09-02 ,53,5,,
2011-09-03 ,53,5,,
2011-09-04 ,53,3,,
2011-09-05 ,53,3,,
2011-09-06 ,53,3,,
2011-09-07 ,53,3,,
2011-09-08 ,53,3,,
2011-09-09 ,53,3,,
2011-09-10 ,54,4,,
2011-09-11 ,54,5,,
2011-09-12 ,54,5,,
2011-09-13 ,54,5,,
2011-09-14 ,54,5,,
2011-09-15 ,54,5,,
2011-09-16 ,54,5,,
2011-09-17 ,54,5,,
2011-09-18 ,54,5,,
2011-09-19 ,54,5,,
2011-09-20 ,54,6,,
2011-09-21 ,54,8,,
2011-09-22 ,54,8,,
2011-09-23 ,54,8,,
2011-09-24 ,54,8,,
2011-09-25 ,54,8,,
2011-09-26 ,54,8,,
2011-09-27 ,54,9,,
2011-09-28 ,56,10,,
2011-09-29 ,56,10,,
2011-09-30 ,56,10,,
2011-10-01 ,56,10,,
2011-10-02 ,56,10,,
2011-10-03 ,56,10,,
2011-10-04 ,57,13,,
2011-10-05 ,58,16,,
2011-10-06 ,58,16,,
2011-10-07 ,58,16,,
2011-10-08 ,58,16,,
2011-10-09 ,58,16,,
2011-10-10 ,58,16,,
2011-10-11 ,58,18,,
2011-10-12 ,58,18,,
2011-10-13 ,61,22,,
2011-10-14 ,61,22,,
2011-10-15 ,61,22,,
2011-10-16 ,61,22,,
2011-10-17 ,61,22,,
2011-10-18 ,61,22,,
2011-10-19 ,61,22,,
2011-10-20 ,61,22,,
2011-10-21 ,61,21,,
2011-10-22 ,62,22,,
2011-10-23 ,62,22,,
2011-10-24 ,63,23,,
2011-10-25 ,63,23,,
2011-10-26 ,63,23,,
2011-10-27 ,64,23,,
2011-10-28 ,64,23,,
2011-10-29 ,64,23,,
2011-10-30 ,64,23,,
2011-10-31 ,64,23,,
2011-11-01 ,65,24,,
2011-11-02 ,65,24,,
2011-11-03 ,65,24,,
2011-11-04 ,65,23,,
2011-11-05 ,65,23,,
2011-11-06 ,65,23,,
2011-11-07 ,64,23,,
2011-11-08 ,64,23,,
2011-11-09 ,64,21,,
2011-11-10 ,64,19,,
2011-11-11 ,64,11,,
2011-11-12 ,64,5,,
2011-11-13 ,64,5,,
2011-11-14 ,64,5,,
2011-11-15 ,65,5,,
2011-11-16 ,65,5,,
2011-11-17 ,65,6,,
2011-11-18 ,66,7,,
2011-11-19 ,66,7,,
2011-11-20 ,66,7,,
2011-11-21 ,66,6,,
2011-11-22 ,66,6,,
2011-11-23 ,66,6,,
2011-11-24 ,66,6,,
2011-11-25 ,67,7,,
2011-11-26 ,67,6,,
2011-11-27 ,66,5,,
2011-11-28 ,66,5,,
2011-11-29 ,66,5,,
2011-11-30 ,66,5,,
2011-12-01 ,66,5,,
2011-12-02 ,66,4,,
2011-12-03 ,66,4,,
2011-12-04 ,66,4,,
2011-12-05 ,66,5,,
2011-12-06 ,66,5,,
2011-12-07 ,66,5,,
2011-12-08 ,67,6,,
2011-12-09 ,67,6,,
2011-12-10 ,68,7,,
2011-12-11 ,68,7,,
2011-12-12 ,68,7,,
2011-12-13 ,68,7,,
2011-12-14 ,68,7,,
2011-12-15 ,68,6,,
2011-12-16 ,68,6,,
2011-12-17 ,68,5,,
2011-12-18 ,68,4,,
2011-12-19 ,68,4,,
2011-12-20 ,68,4,,
2011-12-21 ,68,4,,
2011-12-22 ,68,4,,
2011-12-23 ,68,4,,
2011-12-24 ,68,4,,
2011-12-25 ,68,3,,
2011-12-26 ,68,3,,
2011-12-27 ,68,3,,
2011-12-28 ,68,3,,
2011-12-29 ,68,3,,
2011-12-30 ,68,3,,
2011-12-31 ,68,3,,
2012-01-01 ,68,3,,
2012-01-02 ,68,3,,
2012-01-03 ,68,3,,
2012-01-04 ,68,2,,
2012-01-05 ,68,2,,
2012-01-06 ,68,3,,
2012-01-07 ,70,4,,
2012-01-08 ,70,4,,
2012-01-09 ,70,13,,
2012-01-10 ,70,14,,
2012-01-11 ,70,17,,
2012-01-12 ,71,19,,
2012-01-13 ,73,21,,
2012-01-14 ,73,21,,
2012-01-15 ,73,21,,
2012-01-16 ,74,22,,
2012-01-17 ,74,23,,
2012-01-18 ,75,25,,
2012-01-19 ,75,25,,
2012-01-20 ,76,27,,
2012-01-21 ,76,27,,
2012-01-22 ,76,27,,
2012-01-23 ,76,27,,
2012-01-24 ,76,27,,
2012-01-25 ,76,27,,
2012-01-26 ,76,27,,
2012-01-27 ,78,29,,
2012-01-28 ,78,29,,
2012-01-29 ,78,29,,
2012-01-30 ,79,30,,
2012-01-31 ,79,30,,
2012-02-01 ,79,30,,
2012-02-02 ,79,30,,
2012-02-03 ,79,30,,
2012-02-04 ,79,30,,
2012-02-05 ,79,30,,
2012-02-06 ,80,31,,
2012-02-07 ,80,31,,
2012-02-08 ,80,28,,
2012-02-09 ,80,32,,
2012-02-10 ,80,30,,
2012-02-11 ,80,29,,
2012-02-12 ,80,28,,
2012-02-13 ,80,28,,
2012-02-14 ,80,28,,
2012-02-15 ,80,28,,
2012-02-16 ,80,24,,
2012-02-17 ,81,25,,
2012-02-18 ,81,23,,
2012-02-19 ,81,22,,
2012-02-20 ,81,23,,
2012-02-21 ,81,23,,
2012-02-22 ,81,23,,
2012-02-23 ,81,24,,
2012-02-24 ,81,24,,
2012-02-25 ,82,25,,
2012-02-26 ,82,24,,
2012-02-27 ,82,29,,
2012-02-28 ,85,33,,
2012-02-29 ,86,33,,
2012-03-01 ,86,35,,
2012-03-02 ,87,37,,
2012-03-03 ,87,37,,
2012-03-04 ,87,37,,
2012-03-05 ,86,37,,
2012-03-06 ,87,38,,
2012-03-07 ,89,40,,
2012-03-08 ,89,40,,
2012-03-09 ,90,42,,
2012-03-10 ,90,40,,
2012-03-11 ,91,41,,
2012-03-12 ,91,40,,
2012-03-13 ,91,41,,
2012-03-14 ,91,41,,
2012-03-15 ,91,41,,
2012-03-16 ,91,41,,
2012-03-17 ,91,41,,
2012-03-18 ,91,41,,
2012-03-19 ,93,42,,
2012-03-20 ,93,42,,
2012-03-21 ,93,42,,
2012-03-22 ,93,42,,
2012-03-23 ,93,42,,
2012-03-24 ,94,41,,
2012-03-25 ,95,42,,
2012-03-26 ,96,44,,
2012-03-27 ,97,45,,
2012-03-28 ,97,40,,
2012-03-29 ,97,37,,
2012-03-30 ,97,36,,
2012-03-31 ,97,34,,
2012-04-01 ,97,32,,
2012-04-02 ,97,31,,
2012-04-03 ,98,34,,
2012-04-04 ,101,37,,
2012-04-05 ,101,43,,
2012-04-06 ,101,43,,
2012-04-07 ,101,44,,
2012-04-08 ,101,44,,
2012-04-09 ,103,47,,
2012-04-10 ,104,48,,
2012-04-11 ,104,48,,
2012-04-12 ,105,48,,
2012-04-13 ,106,48,,
2012-04-15 ,107,52,,
2012-04-16 ,107,53,,
2012-04-17 ,107,53,,
2012-04-18 ,109,54,,
2012-04-19 ,110,55,,
2012-04-20 ,111,55,,
2012-04-21 ,112,56,,
2012-04-22 ,112,56,,
2012-04-23 ,112,55,,
2012-04-24 ,112,55,,
2012-04-25 ,112,55,,
2012-04-26 ,113,57,,
2012-04-27 ,114,59,,
2012-04-28 ,114,59,,
2012-04-29 ,114,58,,
2012-04-30 ,114,58,,
2012-05-01 ,114,58,,
2012-05-02 ,115,59,,
2012-05-03 ,117,59,,
2012-05-04 ,117,56,,
2012-05-05 ,117,51,,
2012-05-06 ,117,51,,
2012-05-07 ,117,50,,
2012-05-08 ,117,50,,
2012-05-09 ,117,48,,
2012-05-10 ,117,48,,
2012-05-11 ,117,50,,
2012-05-12 ,117,49,,
2012-05-13 ,118,51,,
2012-05-14 ,118,50,,
2012-05-15 ,118,49,,
2012-05-16 ,119,48,,
2012-05-17 ,119,50,,
2012-05-18 ,119,51,,
2012-05-19 ,119,48,,
2012-05-20 ,119,46,,
2012-05-21 ,119,43,,
2012-05-22 ,119,43,,
2012-05-23 ,120,45,,
2012-05-24 ,121,46,,
2012-05-25 ,121,43,,
2012-05-26 ,121,42,,
2012-05-27 ,121,39,,
2012-05-28 ,121,41,,
2012-05-29 ,122,43,,
2012-05-30 ,123,44,,
2012-05-31 ,123,45,,
2012-06-01 ,123,47,,
2012-06-02 ,123,47,,
2012-06-03 ,123,48,,
2012-06-04 ,123,48,,
2012-06-05 ,125,51,,
2012-06-06 ,126,52,,
2012-06-07 ,128,54,,
2012-06-08 ,129,54,,
2012-06-09 ,129,54,,
2012-06-10 ,129,52,,
2012-06-11 ,129,52,,
2012-06-12 ,130,54,,
2012-06-13 ,130,54,,
2012-06-14 ,131,55,,
2012-06-15 ,132,56,,
2012-06-16 ,132,54,,
2012-06-17 ,132,52,,
2012-06-18 ,137,56,,
2012-06-19 ,140,59,,
2012-06-20 ,140,59,,
2012-06-21 ,140,58,,
2012-06-22 ,141,57,,
2012-06-23 ,141,56,,
2012-06-24 ,141,55,,
2012-06-25 ,141,55,,
2012-06-26 ,141,55,,
2012-06-27 ,142,54,,
2012-06-28 ,146,56,,
2012-06-29 ,148,56,,
2012-06-30 ,149,57,,
2012-07-01 ,149,54,,
2012-07-02 ,149,53,,
2012-07-03 ,149,52,,
2012-07-04 ,149,52,,
2012-07-05 ,150,50,,
2012-07-06 ,150,49,,
2012-07-07 ,150,46,,
2012-07-08 ,150,43,,
2012-07-09 ,151,44,,
2012-07-10 ,151,44,,
2012-07-11 ,151,45,,
2012-07-12 ,151,42,,
2012-07-13 ,151,42,,
2012-07-14 ,151,41,,
2012-07-15 ,151,41,,
2012-07-16 ,153,44,,
2012-07-17 ,153,43,,
2012-07-18 ,153,40,,
2012-07-19 ,153,38,,
2012-07-20 ,153,40,,
2012-07-21 ,153,40,,
2012-07-22 ,153,39,,
2012-07-23 ,154,41,,
2012-07-24 ,155,43,,
2012-07-25 ,156,45,,
2012-07-26 ,157,46,,
2012-07-27 ,157,41,,
2012-07-28 ,157,36,,
2012-07-29 ,157,33,,
2012-07-30 ,157,33,,
2012-07-31 ,158,34,,
2012-08-01 ,158,34,,
2012-08-02 ,159,34,,
2012-08-03 ,159,34,,
2012-08-04 ,159,33,,
2012-08-05 ,160,33,,
2012-08-06 ,160,33,,
2012-08-07 ,160,33,,
2012-08-08 ,160,33,,
2012-08-09 ,160,33,,
2012-08-10 ,160,33,,
2012-08-11 ,160,33,,
2012-08-12 ,161,34,,
2012-08-13 ,161,33,,
2012-08-14 ,162,34,,
2012-08-15 ,163,35,,
2012-08-16 ,165,39,,
2012-08-17 ,165,38,,
2012-08-18 ,167,40,,
2012-08-19 ,167,37,,
2012-08-20 ,167,37,,
2012-08-21 ,167,37,,
2012-08-22 ,167,36,,
2012-08-23 ,168,32,,
2012-08-24 ,168,31,,
2012-08-25 ,168,26,,
2012-08-26 ,168,25,,
2012-08-27 ,168,25,,
2012-08-28 ,168,25,,
2012-08-29 ,168,25,,
2012-08-30 ,169,34,,
2012-08-31 ,169,35,,
2012-09-01 ,170,35,,
2012-09-02 ,170,36,,
2012-09-03 ,171,37,,
2012-09-04 ,173,39,,
2012-09-05 ,173,44,,
2012-09-06 ,173,45,,
2012-09-07 ,174,47,,
2012-09-08 ,174,47,,
2012-09-09 ,174,49,,
2012-09-10 ,174,50,,
2012-09-11 ,174,51,,
2012-09-12 ,175,52,,
2012-09-13 ,174,52,,
2012-09-14 ,174,50,,
2012-09-15 ,174,48,,
2012-09-16 ,174,48,,
2012-09-17 ,174,48,,
2012-09-18 ,174,48,,
2012-09-19 ,174,48,,
2012-09-20 ,174,47,,
2012-09-21 ,174,46,,
2012-09-22 ,174,45,,
2012-09-23 ,174,46,,
2012-09-24 ,174,46,,
2012-09-25 ,174,46,,
2012-09-26 ,174,46,,
2012-09-27 ,174,47,,
2012-09-28 ,174,47,,
2012-09-29 ,174,39,,
2012-09-30 ,174,37,,
2012-10-01 ,173,43,,
2012-10-02 ,173,44,,
2012-10-03 ,173,45,,
2012-10-04 ,174,47,,
2012-10-05 ,174,43,,
2012-10-06 ,174,41,,
2012-10-07 ,174,38,,
2012-10-08 ,175,38,,
2012-10-09 ,176,39,,
2012-10-10 ,176,39,,
2012-10-11 ,177,34,,
2012-10-12 ,177,36,,
2012-10-13 ,178,36,,
2012-10-14 ,180,38,,
2012-10-15 ,182,42,,
2012-10-16 ,183,48,,
2012-10-17 ,184,50,,
2012-10-18 ,184,50,,
2012-10-19 ,184,50,,
2012-10-20 ,184,49,,
2012-10-21 ,183,48,,
2012-10-22 ,184,48,,
2012-10-23 ,184,48,,
2012-10-24 ,185,48,,
2012-10-25 ,188,58,,
2012-10-26 ,189,59,,
2012-10-27 ,189,60,,
2012-10-28 ,189,60,,
2012-10-29 ,189,61,,
2012-10-30 ,191,63,,
2012-10-31 ,191,60,,
2012-11-01 ,195,63,,
2012-11-02 ,196,65,,
2012-11-03 ,197,66,,
2012-11-04 ,196,66,,
2012-11-05 ,196,66,,
2012-11-06 ,197,67,,
2012-11-07 ,198,68,,
2012-11-08 ,198,68,,
2012-11-09 ,198,68,,
2012-11-10 ,198,67,,
2012-11-11 ,198,67,,
2012-11-12 ,198,67,,
2012-11-13 ,198,66,,
2012-11-14 ,197,65,,
2012-11-15 ,197,62,,
2012-11-16 ,197,61,,
2012-11-17 ,197,61,,
2012-11-18 ,198,62,,
2012-11-19 ,198,62,,
2012-11-20 ,198,61,,
2012-11-21 ,198,62,,
2012-11-22 ,198,63,,
2012-11-23 ,198,61,,
2012-11-24 ,199,51,,
2012-11-25 ,200,50,,
2012-11-26 ,200,49,,
2012-11-27 ,201,49,,
2012-11-28 ,202,47,,
2012-11-29 ,202,47,,
2012-11-30 ,202,47,,
2012-12-01 ,202,39,,
2012-12-02 ,203,38,,
2012-12-03 ,203,37,,
2012-12-04 ,202,37,,
2012-12-05 ,205,41,,
2012-12-06 ,206,40,,
2012-12-07 ,209,47,,
2012-12-08 ,209,48,,
2012-12-09 ,210,49,,
2012-12-10 ,212,55,,
2012-12-11 ,212,57,,
2012-12-12 ,212,65,,
2012-12-13 ,212,66,,
2012-12-14 ,212,67,,
2012-12-15 ,212,68,,
2012-12-16 ,212,68,,
2012-12-17 ,212,68,,
2012-12-18 ,213,66,,
2012-12-19 ,213,66,,
2012-12-20 ,213,65,,
2012-12-21 ,213,65,,
2012-12-22 ,213,65,,
2012-12-23 ,213,65,,
2012-12-24 ,214,65,,
2012-12-25 ,214,65,,
2012-12-26 ,215,69,,
2012-12-27 ,217,71,,
2012-12-28 ,219,73,,
2012-12-29 ,219,73,,
2012-12-30 ,219,73,,
2012-12-31 ,219,72,,
2013-01-01 ,219,71,,
2013-01-02 ,219,70,,
2013-01-03 ,219,71,,
2013-01-04 ,220,75,,
2013-01-05 ,220,74,,
2013-01-06 ,221,71,,
2013-01-07 ,222,72,,
2013-01-08 ,222,72,,
2013-01-09 ,223,71,,
2013-01-10 ,223,69,,
2013-01-11 ,223,62,,
2013-01-12 ,223,54,,
2013-01-13 ,224,55,,
2013-01-14 ,224,58,,
2013-01-15 ,226,60,,
2013-01-16 ,227,63,,
2013-01-17 ,227,62,,
2013-01-18 ,228,62,,
2013-01-19 ,228,63,,
2013-01-20 ,228,63,,
2013-01-21 ,229,65,,
2013-01-22 ,229,66,,
2013-01-23 ,231,73,,
2013-01-24 ,233,75,,
2013-01-25 ,233,75,,
2013-01-26 ,234,75,,
2013-01-27 ,235,76,,
2013-01-28 ,235,75,,
2013-01-29 ,236,76,,
2013-01-30 ,236,77,,
2013-01-31 ,236,76,,
2013-02-01 ,236,75,,
2013-02-02 ,236,73,,
2013-02-03 ,236,69,,
2013-02-04 ,237,70,,
2013-02-05 ,237,70,,
2013-02-06 ,237,70,,
2013-02-07 ,237,69,,
2013-02-08 ,238,70,,
2013-02-09 ,238,70,,
2013-02-10 ,238,69,,
2013-02-11 ,238,69,,
2013-02-12 ,238,69,,
2013-02-13 ,237,67,,
2013-02-14 ,237,65,,
2013-02-15 ,237,63,,
2013-02-16 ,238,58,,
2013-02-17 ,238,57,,
2013-02-18 ,239,56,,
2013-02-19 ,239,59,,
2013-02-20 ,239,58,,
2013-02-21 ,239,56,,
2013-02-22 ,240,50,,
2013-02-23 ,241,42,,
2013-02-24 ,241,31,,
2013-02-25 ,241,28,,
2013-02-26 ,241,28,,
2013-02-27 ,241,29,,
2013-02-28 ,241,29,,
2013-03-01 ,242,29,,
2013-03-02 ,243,30,,
2013-03-03 ,243,32,,
2013-03-04 ,242,33,,
2013-03-05 ,242,34,,
2013-03-06 ,242,34,,
2013-03-07 ,242,37,,
2013-03-08 ,243,45,,
2013-03-09 ,244,47,,
2013-03-10 ,244,46,,
2013-03-11 ,244,48,,
2013-03-12 ,245,49,,
2013-03-13 ,245,50,,
2013-03-14 ,247,52,,
2013-03-15 ,248,52,,
2013-03-16 ,248,52,,
2013-03-17 ,248,53,,
2013-03-18 ,251,56,,
2013-03-19 ,251,56,,
2013-03-20 ,251,55,,
2013-03-21 ,252,52,,
2013-03-22 ,252,63,,
2013-03-23 ,252,66,,
2013-03-24 ,252,64,,
2013-03-25 ,255,70,,
2013-03-26 ,260,81,,
2013-03-27 ,260,81,,
2013-03-28 ,260,81,,
2013-03-29 ,260,81,,
2013-03-30 ,260,81,,
2013-03-31 ,262,82,,
2013-04-01 ,262,81,,
2013-04-02 ,263,83,,
2013-04-03 ,263,83,,
2013-04-04 ,264,84,,
2013-04-05 ,264,83,,
2013-04-06 ,265,83,,
2013-04-07 ,265,80,,
2013-04-08 ,265,80,,
2013-04-09 ,265,78,,
2013-04-10 ,265,77,,
2013-04-11 ,265,77,,
2013-04-12 ,266,78,,
2013-04-13 ,266,76,,
2013-04-14 ,268,78,,
2013-04-15 ,268,77,,
2013-04-16 ,268,77,,
2013-04-17 ,269,77,,
2013-04-18 ,272,80,,
2013-04-19 ,272,83,,
2013-04-20 ,273,88,,
2013-04-21 ,274,86,,
2013-04-22 ,275,84,,
2013-04-23 ,277,87,,
2013-04-24 ,278,88,,
2013-04-25 ,278,85,,
2013-04-26 ,280,86,,
2013-04-27 ,281,85,,
2013-04-28 ,281,84,,
2013-04-29 ,280,85,,
2013-04-30 ,280,85,,
2013-05-01 ,281,87,,
2013-05-02 ,281,87,,
2013-05-03 ,281,84,,
2013-05-04 ,281,83,,
2013-05-05 ,282,84,,
2013-05-06 ,282,82,,
2013-05-07 ,282,82,,
2013-05-08 ,283,83,,
2013-05-09 ,286,89,,
2013-05-10 ,286,88,,
2013-05-11 ,286,87,,
2013-05-12 ,286,87,,
2013-05-13 ,286,88,,
2013-05-14 ,286,86,,
2013-05-15 ,287,88,,
2013-05-16 ,289,91,,
2013-05-17 ,289,91,,
2013-05-18 ,290,89,,
2013-05-19 ,290,84,,
2013-05-20 ,290,82,,
2013-05-21 ,291,77,,
2013-05-22 ,291,72,,
2013-05-23 ,291,69,,
2013-05-24 ,292,67,,
2013-05-25 ,292,65,,
2013-05-26 ,292,62,,
2013-05-27 ,292,59,,
2013-05-28 ,293,60,,
2013-05-29 ,294,60,,
2013-05-30 ,295,60,,
2013-05-31 ,295,63,,
2013-06-01 ,295,64,,
2013-06-02 ,297,67,,
2013-06-03 ,298,74,,
2013-06-04 ,298,77,,
2013-06-05 ,300,79,,
2013-06-06 ,299,80,,
2013-06-07 ,299,78,,
2013-06-08 ,300,74,,
2013-06-09 ,300,74,,
2013-06-10 ,300,74,,
2013-06-11 ,302,74,,
2013-06-12 ,303,74,,
2013-06-13 ,303,75,,
2013-06-14 ,304,75,,
2013-06-15 ,304,72,,
2013-06-16 ,305,73,,
2013-06-17 ,307,74,,
2013-06-18 ,306,74,,
2013-06-19 ,306,74,,
2013-06-20 ,306,73,,
2013-06-21 ,306,73,,
2013-06-22 ,306,73,,
2013-06-23 ,306,73,,
2013-06-24 ,306,72,,
2013-06-25 ,306,72,,
2013-06-26 ,307,72,,
2013-06-27 ,307,71,,
2013-06-28 ,308,73,,
2013-06-29 ,309,75,,
2013-06-30 ,309,69,,
2013-07-01 ,309,67,,
2013-07-02 ,310,67,,
2013-07-03 ,310,60,,
2013-07-04 ,310,57,,
2013-07-05 ,311,54,,
2013-07-06 ,311,50,,
2013-07-07 ,310,50,,
2013-07-08 ,311,50,,
2013-07-09 ,313,52,,
2013-07-10 ,313,52,,
2013-07-11 ,313,51,,
2013-07-12 ,314,51,,
2013-07-13 ,314,49,,
2013-07-14 ,315,51,,
2013-07-15 ,316,53,,
2013-07-16 ,317,76,,
2013-07-17 ,317,80,,
2013-07-18 ,319,81,,
2013-07-19 ,323,92,,
2013-07-20 ,324,97,,
2013-07-21 ,324,99,,
2013-07-22 ,325,103,,
2013-07-23 ,326,104,,
2013-07-24 ,327,105,,
2013-07-25 ,327,106,,
2013-07-26 ,327,107,,
2013-07-27 ,327,107,,
2013-07-28 ,329,108,,
2013-07-29 ,329,106,,
2013-07-30 ,329,107,,
2013-07-31 ,329,107,,
2013-08-01 ,330,109,,
2013-08-02 ,330,108,,
2013-08-03 ,332,110,,
2013-08-04 ,333,110,,
2013-08-05 ,335,112,,
2013-08-06 ,340,115,,
2013-08-07 ,342,116,,
2013-08-08 ,344,117,,
2013-08-09 ,345,119,,
2013-08-10 ,346,122,,
2013-08-11 ,347,124,,
2013-08-12 ,348,126,,
2013-08-13 ,357,139,,
2013-08-14 ,356,138,,
2013-08-15 ,357,126,,
2013-08-16 ,358,125,,
2013-08-17 ,359,126,,
2013-08-18 ,358,119,,
2013-08-19 ,359,117,,
2013-08-20 ,360,113,,
2013-08-21 ,360,106,,
2013-08-22 ,360,106,,
2013-08-23 ,360,106,,
2013-08-24 ,361,107,,
2013-08-25 ,361,107,,
2013-08-26 ,361,107,,
2013-08-27 ,361,107,,
2013-08-28 ,361,117,,
2013-08-29 ,361,118,,
2013-08-30 ,361,119,,
2013-08-31 ,361,121,,
2013-09-01 ,361,121,,
2013-09-02 ,361,119,,
2013-09-03 ,361,118,,
2013-09-04 ,361,118,,
2013-09-05 ,362,118,,
2013-09-06 ,364,120,,
2013-09-07 ,365,118,,
2013-09-08 ,365,118,,
2013-09-09 ,365,117,,
2013-09-10 ,365,115,,
2013-09-11 ,366,112,,
2013-09-12 ,367,106,,
2013-09-13 ,371,105,,
2013-09-14 ,371,92,,
2013-09-15 ,371,85,,
2013-09-16 ,373,85,,
2013-09-17 ,376,97,,
2013-09-18 ,380,104,,
2013-09-19 ,382,106,,
2013-09-20 ,382,111,,
2013-09-21 ,383,116,,
2013-09-22 ,384,116,,
2013-09-23 ,385,117,,
2013-09-24 ,385,116,,
2013-09-25 ,386,117,,
2013-09-26 ,390,122,,
2013-09-27 ,390,116,,
2013-09-28 ,392,118,,
2013-09-29 ,393,118,,
2013-09-30 ,393,120,,
2013-10-01 ,393,123,,
2013-10-02 ,394,126,,
2013-10-03 ,394,125,,
2013-10-04 ,395,127,,
2013-10-05 ,395,127,,
2013-10-06 ,395,126,,
2013-10-07 ,395,125,,
2013-10-08 ,395,125,,
2013-10-09 ,395,124,,
2013-10-10 ,396,125,,
2013-10-11 ,396,125,,
2013-10-12 ,397,126,,
2013-10-13 ,398,125,,
2013-10-14 ,399,129,,
2013-10-15 ,399,130,,
2013-10-16 ,400,129,,
2013-10-17 ,400,119,,
2013-10-18 ,400,115,,
2013-10-19 ,401,113,,
2013-10-20 ,401,108,,
2013-10-21 ,403,105,,
2013-10-22 ,404,102,,
2013-10-23 ,405,98,,
2013-10-24 ,406,98,,
2013-10-25 ,406,98,,
2013-10-26 ,406,92,,
2013-10-27 ,406,90,,
2013-10-28 ,405,82,,
2013-10-29 ,408,84,,
2013-10-30 ,409,81,,
2013-10-31 ,410,80,,
2013-11-01 ,410,81,,
2013-11-02 ,412,83,,
2013-11-03 ,412,80,,
2013-11-04 ,412,81,,
2013-11-05 ,411,78,,
2013-11-06 ,411,77,,
2013-11-07 ,411,77,,
2013-11-08 ,412,78,,
2013-11-09 ,412,77,,
2013-11-10 ,413,75,,
2013-11-11 ,412,71,,
2013-11-12 ,413,71,,
2013-11-13 ,414,62,,
2013-11-14 ,416,64,,
2013-11-15 ,418,74,,
2013-11-16 ,419,77,,
2013-11-17 ,419,79,,
2013-11-18 ,419,84,,
2013-11-19 ,421,90,,
2013-11-20 ,423,93,,
2013-11-21 ,424,93,,
2013-11-22 ,426,93,,
2013-11-23 ,426,94,,
2013-11-24 ,428,95,,
2013-11-25 ,428,95,,
2013-11-26 ,430,101,,
2013-11-27 ,432,110,,
2013-11-28 ,435,114,,
2013-11-29 ,437,115,,
2013-11-30 ,437,114,,
2013-12-01 ,438,116,,
2013-12-02 ,437,116,,
2013-12-03 ,439,121,,
2013-12-04 ,439,122,,
2013-12-05 ,439,122,,
2013-12-06 ,439,122,,
2013-12-07 ,438,122,,
2013-12-08 ,438,121,,
2013-12-09 ,438,121,,
2013-12-10 ,438,121,,
2013-12-11 ,438,120,,
2013-12-12 ,437,117,,
2013-12-13 ,439,122,,
2013-12-14 ,440,125,,
2013-12-15 ,440,122,,
2013-12-16 ,442,123,,
2013-12-17 ,441,125,,
2013-12-18 ,442,127,,
2013-12-19 ,442,126,,
2013-12-20 ,442,124,,
2013-12-21 ,443,124,,
2013-12-22 ,445,123,,
2013-12-23 ,446,121,,
2013-12-24 ,446,121,,
2013-12-25 ,447,122,,
2013-12-26 ,447,119,,
2013-12-27 ,448,109,,
2013-12-28 ,451,109,,
2013-12-29 ,452,107,,
2013-12-30 ,452,108,,
2013-12-31 ,452,107,,
2014-01-01 ,452,103,,
2014-01-02 ,452,98,,
2014-01-03 ,453,91,,
2014-01-04 ,454,92,,
2014-01-05 ,455,92,,
2014-01-06 ,457,92,,
2014-01-07 ,458,94,,
2014-01-08 ,459,96,,
2014-01-09 ,460,97,,
2014-01-10 ,460,105,,
2014-01-11 ,460,107,,
2014-01-12 ,461,100,,
2014-01-13 ,467,107,,
2014-01-14 ,470,118,,
2014-01-15 ,474,125,,
2014-01-16 ,477,124,,
2014-01-17 ,478,120,,
2014-01-18 ,480,118,,
2014-01-19 ,481,116,,
2014-01-20 ,483,119,,
2014-01-21 ,483,119,,
2014-01-22 ,484,119,,
2014-01-23 ,485,132,,
2014-01-24 ,486,136,,
2014-01-25 ,487,137,,
2014-01-26 ,489,137,,
2014-01-27 ,489,137,,
2014-01-28 ,488,137,,
2014-01-29 ,488,137,,
2014-01-30 ,488,139,,
2014-01-31 ,488,139,,
2014-02-01 ,487,138,,
2014-02-02 ,487,138,,
2014-02-03 ,487,138,,
2014-02-04 ,487,140,,
2014-02-05 ,488,140,,
2014-02-06 ,489,141,,
2014-02-07 ,491,148,,
2014-02-08 ,491,149,,
2014-02-09 ,491,143,,
2014-02-10 ,496,152,,
2014-02-11 ,499,158,,
2014-02-12 ,501,159,,
2014-02-13 ,500,156,,
2014-02-14 ,499,154,,
2014-02-15 ,499,149,,
2014-02-16 ,501,149,,
2014-02-17 ,502,155,,
2014-02-18 ,503,158,,
2014-02-19 ,503,159,,
2014-02-20 ,504,162,,
2014-02-21 ,505,165,,
2014-02-22 ,505,154,,
2014-02-23 ,505,150,,
2014-02-24 ,505,148,,
2014-02-25 ,507,150,,
2014-02-26 ,510,156,,
2014-02-27 ,510,156,,
2014-02-28 ,510,154,,
2014-03-01 ,512,156,,
2014-03-02 ,513,158,,
2014-03-05 ,519,167,,
2014-03-06 ,521,170,,
2014-03-07 ,525,179,,
2014-03-08 ,526,181,,
2014-03-09 ,526,174,,
2014-03-10 ,532,182,,
2014-03-11 ,542,198,,
2014-03-12 ,551,209,,
2014-03-13 ,555,210,,
2014-03-14 ,556,208,,
2014-03-15 ,556,206,,
2014-03-16 ,558,205,,
2014-03-17 ,561,208,,
2014-03-18 ,562,210,,
2014-03-19 ,562,193,,
2014-03-20 ,562,188,,
2014-03-21 ,563,185,,
2014-03-22 ,566,187,,
2014-03-23 ,567,187,,
2014-03-24 ,567,183,,
2014-03-25 ,568,183,,
2014-03-26 ,568,183,,
2014-03-27 ,568,183,,
2014-03-28 ,570,181,,
2014-03-29 ,571,183,,
2014-03-30 ,573,184,,
2014-03-31 ,574,184,,
2014-04-01 ,575,184,,
2014-04-02 ,576,184,,
2014-04-03 ,579,187,,
2014-04-04 ,579,184,,
2014-04-05 ,581,186,,
2014-04-06 ,582,182,,
2014-04-07 ,584,186,,
2014-04-08 ,585,187,,
2014-04-09 ,588,184,,
2014-04-10 ,589,172,,
2014-04-11 ,591,157,,
2014-04-12 ,592,126,,
2014-04-13 ,592,118,,
2014-04-14 ,594,115,,
2014-04-15 ,594,110,,
2014-04-16 ,594,103,,
2014-04-17 ,594,115,,
2014-04-18 ,594,119,,
2014-04-19 ,594,120,,
2014-04-20 ,595,123,,
2014-04-21 ,597,129,,
2014-04-22 ,598,139,,
2014-04-23 ,598,143,,
2014-04-24 ,599,144,,
2014-04-25 ,599,143,,
2014-04-26 ,599,143,,
2014-04-27 ,600,144,,
2014-04-28 ,600,149,,
2014-04-29 ,599,149,,
2014-04-30 ,599,148,,
2014-05-01 ,599,147,,
2014-05-02 ,600,149,,
2014-05-03 ,600,148,,
2014-05-04 ,600,148,,
2014-05-05 ,600,146,,
2014-05-06 ,602,148,,
2014-05-07 ,602,148,,
2014-05-08 ,602,148,,
2014-05-09 ,602,154,,
2014-05-10 ,603,158,,
2014-05-11 ,606,161,,
2014-05-12 ,607,162,,
2014-05-13 ,611,167,,